id,from_id,to_id,street_name,length_m,speed_limit_kmh,base_travel_time_s,road_type
R01,J01,J02,Weststraße,400,50,28.8,STADTSTRASSE
R02,J02,J03,Nordstraße,650,70,33.43,LANDESSTRASSE
R03,J01,J04,Ringstraße,500,50,36.0,STADTSTRASSE
R04,J02,J05,Hauptstraße,350,50,25.2,STADTSTRASSE
R05,J03,J06,B27,900,100,32.4,BUNDESSTRASSE
R06,J04,J05,Südstraße,300,30,36.0,STADTSTRASSE
R07,J05,J06,Hauptstraße,450,50,32.4,STADTSTRASSE
R08,J04,J07,Industriestraße,250,30,30.0,INDUSTRIESTRASSE
R09,J05,J08,Bahnhofstraße,600,50,43.2,STADTSTRASSE
R10,J06,J09,A81-Zubringer,1200,80,54.0,BUNDESSTRASSE
R11,J08,J09,B28,1000,100,36.0,BUNDESSTRASSE
R12,J09,J10,A81,1500,120,45.0,AUTOBAHN